{"cameraMode":{"drawMode":0,"name":"Shaded","section":"Shading Mode"},"sceneLighting":true,"audioPlay":false,"sceneViewState":{"m_AlwaysRefresh":false,"showFog":true,"showSkybox":true,"showFlares":true,"showImageEffects":true,"showParticleSystems":true,"showVisualEffectGraphs":true,"m_FxEnabled":true},"in2DMode":false,"pivot":{"x":46.81862258911133,"y":145.4382781982422,"z":-24.035011291503908},"rotation":{"x":0.09486813843250275,"y":-0.08946996927261353,"z":0.008561288937926293,"w":0.991425096988678},"size":1289.144775390625,"orthographic":false}